Unnamed: 0,timestamp,Username,no. of likes,no. of comments,ID,food,cuisine,no. of scrapped comments,sentiment score,no. of followers (thousands)
0,30/6/2020,8days_eat,326,7,0,hokkien mee,Chinese,5,0.08228,64.8
1,30/6/2020,8days_eat,258,3,1,cookies,Snacks,2,0,64.8
2,29/6/2020,8days_eat,453,3,2,acar,Malay,3,0.394566667,64.8
3,29/6/2020,8days_eat,287,3,3,,,3,0.399466667,64.8
4,29/6/2020,8days_eat,431,3,4,,,3,0,64.8
5,29/6/2020,8days_eat,148,0,5,kopi,Drinks and beverages,1,0,64.8
6,27/6/2020,8days_eat,311,1,6,salted egg,Snacks,1,0,64.8
7,27/6/2020,8days_eat,248,3,7,,,2,0.05655,64.8
8,26/6/2020,8days_eat,266,3,8,,,3,0.1953,64.8
9,25/6/2020,8days_eat,301,3,9,,,2,0,64.8
10,25/6/2020,8days_eat,275,2,10,,,2,0.706,64.8
11,25/6/2020,8days_eat,176,0,11,,,1,0,64.8
12,24/6/2020,8days_eat,164,2,12,,,2,0,64.8
13,23/6/2020,8days_eat,173,0,13,rib,Western,1,0,64.8
14,23/6/2020,8days_eat,216,0,14,,,1,0,64.8
15,23/6/2020,8days_eat,647,15,15,yong tau foo,Chinese,10,0.05439,64.8
16,22/6/2020,8days_eat,224,4,16,,,3,0.295266667,64.8
17,22/6/2020,8days_eat,496,7,17,,,7,0.394057143,64.8
18,22/6/2020,8days_eat,499,0,18,,,1,0,64.8
19,22/6/2020,8days_eat,237,1,19,,,1,0,64.8
20,21/6/2020,8days_eat,160,1,20,,,1,0,64.8
21,21/6/2020,8days_eat,243,1,21,hainanese chicken rice,Chinese,1,0.5827,64.8
22,20/6/2020,8days_eat,186,1,22,,,1,0.4215,64.8
23,20/6/2020,8days_eat,165,0,23,hokkien mee,Chinese,1,0,64.8
24,20/6/2020,8days_eat,174,0,24,bak chang,Chinese,1,0,64.8
25,20/6/2020,8days_eat,179,6,25,,,4,0.429625,64.8
26,19/6/2020,8days_eat,176,0,26,,,1,0,64.8
27,19/6/2020,8days_eat,274,5,27,,,5,0,64.8
28,19/6/2020,8days_eat,139,1,28,,,1,0.8046,64.8
29,18/6/2020,8days_eat,48,0,29,,,1,0,64.8
30,18/6/2020,8days_eat,140,3,30,,,1,0,64.8
31,18/6/2020,8days_eat,227,1,31,bak chang,Chinese,1,0,64.8
32,18/6/2020,8days_eat,230,1,32,,,1,0.6514,64.8
33,17/6/2020,8days_eat,273,0,33,bak chang,Chinese,1,0,64.8
34,16/6/2020,8days_eat,178,6,34,,,2,0,64.8
35,16/6/2020,8days_eat,97,1,35,tofu,Japanese,1,0.4753,64.8
36,16/6/2020,8days_eat,388,3,36,kuih,,2,0.2463,64.8
37,15/6/2020,8days_eat,180,3,37,,,3,0.471766667,64.8
38,14/6/2020,8days_eat,329,3,38,,,3,0.354833333,64.8
39,14/6/2020,8days_eat,397,5,39,,,2,0.41125,64.8
40,13/6/2020,8days_eat,227,2,40,ramen,Japanese,2,0,64.8
41,13/6/2020,8days_eat,268,1,41,,,1,0,64.8
42,12/6/2020,8days_eat,327,1,42,pulut hitam,Desserts,1,0.9432,64.8
43,12/6/2020,8days_eat,206,2,43,yong tau foo,Chinese,2,0.3274,64.8
44,11/6/2020,8days_eat,171,0,44,,,1,0,64.8
45,11/6/2020,8days_eat,357,6,45,,,6,0.53515,64.8
46,11/6/2020,8days_eat,154,2,46,,,1,0,64.8
47,10/6/2020,8days_eat,387,14,47,,,9,0.083544444,64.8
48,10/6/2020,8days_eat,255,1,48,,,1,0.296,64.8
49,10/6/2020,8days_eat,480,5,49,,,5,0.12906,64.8
50,9/6/2020,8days_eat,229,2,50,,,2,0.20995,64.8
51,9/6/2020,8days_eat,625,8,51,,,6,0.139616667,64.8
52,8/6/2020,8days_eat,193,2,52,edamame,Japanese,2,0.26335,64.8
53,7/6/2020,8days_eat,519,11,53,,,5,0.24878,64.8
54,7/6/2020,8days_eat,362,12,54,,,7,0.214285714,64.8
55,6/6/2020,8days_eat,769,4,55,bak chang,Chinese,2,0,64.8
56,5/6/2020,8days_eat,211,0,56,milo,Drinks and beverages,1,0,64.8
57,4/6/2020,8days_eat,264,2,57,biryani,Cross-cultural,2,0.3057,64.8
58,4/6/2020,8days_eat,340,5,58,,,4,-0.01275,64.8
59,4/6/2020,8days_eat,350,7,59,,,5,0.0816,64.8
60,3/6/2020,8days_eat,264,2,60,,,2,0.3348,64.8
61,3/6/2020,8days_eat,299,1,61,,,1,0,64.8
62,2/6/2020,8days_eat,343,2,62,,,2,0,64.8
63,1/6/2020,8days_eat,153,1,63,korean fried chicken,Korean,1,0,64.8
64,1/6/2020,8days_eat,748,6,64,,,6,0.109666667,64.8
65,31/5/2020,8days_eat,225,1,65,,,1,0,64.8
66,30/5/2020,8days_eat,239,0,66,salted egg,Snacks,1,0,64.8
67,30/5/2020,8days_eat,322,2,67,,,2,0,64.8
68,30/6/2020,danielfooddiary,2950,67,68,,,22,0.2281,239
69,30/6/2020,danielfooddiary,3242,161,69,char kway teow,Chinese,21,0.721247619,239
70,29/6/2020,danielfooddiary,1088,15,70,gyoza,Japanese,6,-0.0526,239
71,28/6/2020,danielfooddiary,927,16,71,,,7,-0.013128571,239
72,28/6/2020,danielfooddiary,996,13,72,mee pok,Chinese,8,0.0977,239
73,27/6/2020,danielfooddiary,957,19,73,,,7,0.3912,239
74,26/6/2020,danielfooddiary,748,2,74,salted egg,Snacks,2,0,239
75,25/6/2020,danielfooddiary,1544,21,75,,,11,0.300954545,239
76,25/6/2020,danielfooddiary,1196,14,76,rib,Western,12,0.144141667,239
77,23/6/2020,danielfooddiary,1597,23,77,,,19,-0.071010526,239
78,22/6/2020,danielfooddiary,1425,42,78,,,18,0.158805556,239
79,22/6/2020,danielfooddiary,345,10,79,,,5,0.3313,239
80,21/6/2020,danielfooddiary,763,15,80,,,11,0.374236364,239
81,20/6/2020,danielfooddiary,1163,15,81,,,11,0.368118182,239
82,19/6/2020,danielfooddiary,843,15,82,sashimi,Japanese,15,0.334366667,239
83,18/6/2020,danielfooddiary,1709,25,83,,,15,0.235326667,239
84,18/6/2020,danielfooddiary,972,12,84,,,9,0.178088889,239
85,17/6/2020,danielfooddiary,875,6,85,,,6,0.1336,239
86,17/6/2020,danielfooddiary,808,5,86,tonkatsu,Japanese,5,0.35658,239
87,16/6/2020,danielfooddiary,302,5,87,,,3,0,239
88,16/6/2020,danielfooddiary,757,8,88,duck rice,Chinese,8,0.3629,239
89,15/6/2020,danielfooddiary,758,4,89,,,3,0.139966667,239
90,14/6/2020,danielfooddiary,955,14,90,kopi,Drinks and beverages,8,0.344625,239
91,13/6/2020,danielfooddiary,2049,14,91,,,13,0.173153846,239
92,13/6/2020,danielfooddiary,1235,38,92,,,18,0.261,239
93,12/6/2020,danielfooddiary,2179,28,93,,,23,0.212526087,239
94,11/6/2020,danielfooddiary,931,11,94,,,6,0.210266667,239
95,11/6/2020,danielfooddiary,346,4,95,cookies,Snacks,2,0,239
96,10/6/2020,danielfooddiary,640,3,96,,,3,0.175566667,239
97,10/6/2020,danielfooddiary,1130,8,97,tofu,Japanese,7,0.215414286,239
98,10/6/2020,danielfooddiary,732,2,98,,,2,0.2775,239
99,10/6/2020,danielfooddiary,1417,24,99,,,23,0.051173913,239
100,9/6/2020,danielfooddiary,492,10,100,,,7,0.140514286,239
101,8/6/2020,danielfooddiary,836,9,101,kuih,,6,0.08545,239
102,7/6/2020,danielfooddiary,1084,16,102,,,12,0.165433333,239
103,7/6/2020,danielfooddiary,521,31,103,,,20,0.238045,239
104,6/6/2020,danielfooddiary,1091,19,104,,,13,0.170807692,239
105,6/6/2020,danielfooddiary,884,7,105,,,6,0.265416667,239
106,6/6/2020,danielfooddiary,3490,37,106,,,24,0.123466667,239
107,5/6/2020,danielfooddiary,1199,16,107,roti prata,Indian,12,0.293733333,239
108,5/6/2020,danielfooddiary,1146,31,108,,,16,0.1125625,239
109,4/6/2020,danielfooddiary,1928,39,109,,,23,0.166591304,239
110,4/6/2020,danielfooddiary,1152,16,110,teochew porridge,Chinese,9,0.006777778,239
111,4/6/2020,danielfooddiary,1291,29,111,,,17,0.117747059,239
112,3/6/2020,danielfooddiary,889,6,112,,,5,0.18238,239
113,3/6/2020,danielfooddiary,1082,35,113,chai tow kway,Chinese,18,0.214988889,239
114,2/6/2020,danielfooddiary,1952,34,114,,,19,0.203347368,239
115,2/6/2020,danielfooddiary,2433,27,115,,,19,0.2051,239
116,1/6/2020,danielfooddiary,874,9,116,satay,Malay,4,0.400075,239
117,1/6/2020,danielfooddiary,445,2,117,hokkien mee,Chinese,2,0,239
118,1/6/2020,danielfooddiary,2255,65,118,,,20,0.207935,239
119,31/5/2020,danielfooddiary,1003,26,119,salted egg,Snacks,18,0.127233333,239
120,31/5/2020,danielfooddiary,745,12,120,rib,Western,6,0.272416667,239
121,30/5/2020,danielfooddiary,978,10,121,kuih,,9,0.170044444,239
122,30/6/2020,eatbooksg,1359,16,122,,,10,0.03612,75.7
123,29/6/2020,eatbooksg,800,4,123,tonkatsu,Japanese,3,0.1922,75.7
124,26/6/2020,eatbooksg,2551,1414,124,,,24,0.022495833,75.7
125,25/6/2020,eatbooksg,807,1,125,,,1,0,75.7
126,24/6/2020,eatbooksg,903,3,126,duck rice,Chinese,3,0.2162,75.7
127,23/6/2020,eatbooksg,1195,4,127,,,3,0.025733333,75.7
128,22/6/2020,eatbooksg,883,6,128,,,4,0.104975,75.7
129,19/6/2020,eatbooksg,971,4,129,salted egg,Snacks,4,0,75.7
130,18/6/2020,eatbooksg,1923,20,130,milo,Drinks and beverages,12,0,75.7
131,17/6/2020,eatbooksg,1108,6,131,,,6,0.102766667,75.7
132,16/6/2020,eatbooksg,1125,2,132,,,2,0.312,75.7
133,15/6/2020,eatbooksg,1428,17,133,,,11,0.276645455,75.7
134,12/6/2020,eatbooksg,941,4,134,,,4,0.131675,75.7
135,11/6/2020,eatbooksg,832,9,135,korean fried chicken,Korean,7,0.261714286,75.7
136,10/6/2020,eatbooksg,1191,10,136,milo,Drinks and beverages,8,-0.0165625,75.7
137,9/6/2020,eatbooksg,1289,4,137,kuih,,4,0.12095,75.7
138,8/6/2020,eatbooksg,529,4,138,,,4,0.2432,75.7
139,5/6/2020,eatbooksg,754,3,139,,,3,0.533433333,75.7
140,4/6/2020,eatbooksg,1268,8,140,milo,Drinks and beverages,8,0.2257375,75.7
141,3/6/2020,eatbooksg,626,1,141,chilli crab,Seafood,1,0,75.7
142,2/6/2020,eatbooksg,1029,2,142,,,2,0.21075,75.7
143,1/6/2020,eatbooksg,866,3,143,assam pedas,Malay,3,0,75.7
144,30/6/2020,eatbooksg,1359,16,144,,,10,0.03612,75.7
145,29/6/2020,eatbooksg,800,4,145,tonkatsu,Japanese,3,0.1922,75.7
146,26/6/2020,eatbooksg,2551,1414,146,,,24,0.022495833,75.7
147,25/6/2020,eatbooksg,807,1,147,,,1,0,75.7
148,24/6/2020,eatbooksg,903,3,148,duck rice,Chinese,3,0.2162,75.7
149,23/6/2020,eatbooksg,1195,4,149,,,3,0.025733333,75.7
150,22/6/2020,eatbooksg,883,6,150,,,4,0.104975,75.7
151,19/6/2020,eatbooksg,971,4,151,salted egg,Snacks,4,0,75.7
152,18/6/2020,eatbooksg,1923,20,152,milo,Drinks and beverages,12,0,75.7
153,17/6/2020,eatbooksg,1108,6,153,,,6,0.102766667,75.7
154,16/6/2020,eatbooksg,1125,2,154,,,2,0.312,75.7
155,15/6/2020,eatbooksg,1428,17,155,,,11,0.276645455,75.7
156,12/6/2020,eatbooksg,941,4,156,,,4,0.131675,75.7
157,11/6/2020,eatbooksg,832,9,157,korean fried chicken,Korean,7,0.261714286,75.7
158,10/6/2020,eatbooksg,1191,10,158,milo,Drinks and beverages,8,-0.0165625,75.7
159,9/6/2020,eatbooksg,1289,4,159,kuih,,4,0.12095,75.7
160,8/6/2020,eatbooksg,529,4,160,,,4,0.2432,75.7
161,5/6/2020,eatbooksg,754,3,161,,,3,0.533433333,75.7
162,4/6/2020,eatbooksg,1268,8,162,milo,Drinks and beverages,8,0.2257375,75.7
163,3/6/2020,eatbooksg,626,1,163,chilli crab,Seafood,1,0,75.7
164,2/6/2020,eatbooksg,1029,2,164,,,2,0.21075,75.7
165,1/6/2020,eatbooksg,866,3,165,assam pedas,Malay,3,0,75.7
166,30/6/2020,foodkingnoc,1265,7,166,,,6,0.36385,109
167,29/6/2020,foodkingnoc,1492,15,167,,,6,0.283516667,109
168,28/6/2020,foodkingnoc,1399,3,168,,,3,0.058633333,109
169,27/6/2020,foodkingnoc,1805,5,169,appam,Indian,4,0.3106,109
170,26/6/2020,foodkingnoc,1614,6,170,,,6,0.32035,109
171,25/6/2020,foodkingnoc,1027,10,171,,,8,0.1673,109
172,24/6/2020,foodkingnoc,2607,146,172,,,22,0.338604545,109
173,22/6/2020,foodkingnoc,1023,6,173,,,1,-0.1705,109
174,20/6/2020,foodkingnoc,909,7,174,,,7,0.335371429,109
175,19/6/2020,foodkingnoc,1115,14,175,,,8,0.1400125,109
176,18/6/2020,foodkingnoc,1629,1,176,sambal,Malay,1,0,109
177,17/6/2020,foodkingnoc,1013,11,177,,,6,0.39465,109
178,16/6/2020,foodkingnoc,1464,13,178,,,8,0.2472125,109
179,16/6/2020,foodkingnoc,1012,2,179,,,2,0,109
180,15/6/2020,foodkingnoc,1102,16,180,,,11,0.185845455,109
181,14/6/2020,foodkingnoc,2128,8,181,,,4,0.419725,109
182,13/6/2020,foodkingnoc,2174,32,182,,,18,0.160283333,109
183,12/6/2020,foodkingnoc,2185,17,183,,,12,0.210025,109
184,11/6/2020,foodkingnoc,2691,38,184,,,20,0.0608,109
185,10/6/2020,foodkingnoc,994,12,185,kuih,,3,0.3997,109
186,30/6/2020,foodkingnoc,1265,7,186,,,6,0.36385,109
187,29/6/2020,foodkingnoc,1492,15,187,,,6,0.283516667,109
188,28/6/2020,foodkingnoc,1399,3,188,,,3,0.058633333,109
189,27/6/2020,foodkingnoc,1805,5,189,appam,Indian,4,0.3106,109
190,26/6/2020,foodkingnoc,1614,6,190,,,6,0.32035,109
191,25/6/2020,foodkingnoc,1027,10,191,,,8,0.1673,109
192,24/6/2020,foodkingnoc,2607,146,192,,,22,0.338604545,109
193,22/6/2020,foodkingnoc,1023,6,193,,,1,-0.1705,109
194,20/6/2020,foodkingnoc,909,7,194,,,7,0.335371429,109
195,19/6/2020,foodkingnoc,1115,14,195,,,8,0.1400125,109
196,18/6/2020,foodkingnoc,1629,1,196,sambal,Malay,1,0,109
197,17/6/2020,foodkingnoc,1013,11,197,,,6,0.39465,109
198,16/6/2020,foodkingnoc,1464,13,198,,,8,0.2472125,109
199,16/6/2020,foodkingnoc,1012,2,199,,,2,0,109
200,15/6/2020,foodkingnoc,1102,16,200,,,11,0.185845455,109
201,14/6/2020,foodkingnoc,2128,8,201,,,4,0.419725,109
202,13/6/2020,foodkingnoc,2174,32,202,,,18,0.160283333,109
203,12/6/2020,foodkingnoc,2185,17,203,,,12,0.210025,109
204,11/6/2020,foodkingnoc,2691,38,204,,,20,0.0608,109
205,10/6/2020,foodkingnoc,994,12,205,kuih,,3,0.3997,109
206,8/6/2020,foodkingnoc,1184,9,206,,,3,0.2494,109
207,6/6/2020,foodkingnoc,2958,99,207,,,18,0.392533333,109
208,5/6/2020,foodkingnoc,2649,23,208,kuih,,16,0.29764375,109
209,4/6/2020,foodkingnoc,1323,5,209,,,4,0.3501,109
210,4/6/2020,foodkingnoc,1973,8,210,,,6,0.09765,109
211,31/5/2020,foodkingnoc,15070,122,211,,,22,0.326463636,109
212,31/5/2020,foodkingnoc,2436,16,212,rib,Western,9,0.3467,109
213,30/5/2020,foodkingnoc,1929,17,213,,,15,0.104066667,109
214,30/6/2020,fundamentally_flawed,425,11,214,,,7,0.315542857,47.2
215,30/6/2020,fundamentally_flawed,722,15,215,,,7,0.175414286,47.2
216,29/6/2020,fundamentally_flawed,259,47,216,,,19,0.432668421,47.2
217,29/6/2020,fundamentally_flawed,726,20,217,rib,Western,9,0.319044444,47.2
218,29/6/2020,fundamentally_flawed,794,15,218,,,11,0.182881818,47.2
219,28/6/2020,fundamentally_flawed,2134,29,219,salted egg,Snacks,24,0.355304167,47.2
220,27/6/2020,fundamentally_flawed,385,1,220,,,1,0,47.2
221,27/6/2020,fundamentally_flawed,615,13,221,oden,Japanese,6,0.21,47.2
222,27/6/2020,fundamentally_flawed,394,3,222,,,3,0,47.2
223,26/6/2020,fundamentally_flawed,396,13,223,,,5,0.29562,47.2
224,26/6/2020,fundamentally_flawed,156,0,224,,,1,0,47.2
225,25/6/2020,fundamentally_flawed,184,1,225,,,1,0,47.2
226,25/6/2020,fundamentally_flawed,369,21,226,hum chim peng,Chinese,9,0.244088889,47.2
227,24/6/2020,fundamentally_flawed,291,0,227,dosa,Indian,1,0,47.2
228,24/6/2020,fundamentally_flawed,387,17,228,,,10,0.28846,47.2
229,24/6/2020,fundamentally_flawed,382,3,229,,,2,0.3057,47.2
230,23/6/2020,fundamentally_flawed,328,7,230,,,3,0.3327,47.2
231,23/6/2020,fundamentally_flawed,901,14,231,,,9,0.207966667,47.2
232,22/6/2020,fundamentally_flawed,437,11,232,tofu,Japanese,6,0.3728,47.2
233,22/6/2020,fundamentally_flawed,398,5,233,,,4,0.1702,47.2
234,21/6/2020,fundamentally_flawed,281,3,234,,,3,0.402933333,47.2
235,21/6/2020,fundamentally_flawed,670,8,235,udon,Japanese,5,0.49198,47.2
236,20/6/2020,fundamentally_flawed,351,4,236,,,3,0.1468,47.2
237,28/6/2020,fundamentally_flawed,2134,29,237,salted egg,Snacks,24,0.355304167,47.2
238,27/6/2020,fundamentally_flawed,385,1,238,,,1,0,47.2
239,27/6/2020,fundamentally_flawed,615,13,239,oden,Japanese,6,0.21,47.2
240,27/6/2020,fundamentally_flawed,394,3,240,,,3,0,47.2
241,26/6/2020,fundamentally_flawed,396,13,241,,,5,0.29562,47.2
242,26/6/2020,fundamentally_flawed,156,0,242,,,1,0,47.2
243,25/6/2020,fundamentally_flawed,184,1,243,,,1,0,47.2
244,25/6/2020,fundamentally_flawed,369,21,244,hum chim peng,Chinese,9,0.244088889,47.2
245,24/6/2020,fundamentally_flawed,291,0,245,dosa,Indian,1,0,47.2
246,24/6/2020,fundamentally_flawed,387,17,246,,,10,0.28846,47.2
247,24/6/2020,fundamentally_flawed,382,3,247,,,2,0.3057,47.2
248,23/6/2020,fundamentally_flawed,328,7,248,,,3,0.3327,47.2
249,23/6/2020,fundamentally_flawed,901,14,249,,,9,0.207966667,47.2
250,22/6/2020,fundamentally_flawed,437,11,250,tofu,Japanese,6,0.3728,47.2
251,22/6/2020,fundamentally_flawed,398,5,251,,,4,0.1702,47.2
252,21/6/2020,fundamentally_flawed,281,3,252,,,3,0.402933333,47.2
253,21/6/2020,fundamentally_flawed,670,8,253,udon,Japanese,5,0.49198,47.2
254,20/6/2020,fundamentally_flawed,351,4,254,,,3,0.1468,47.2
255,20/6/2020,fundamentally_flawed,574,6,255,char siu,Chinese,4,0.269625,47.2
256,20/6/2020,fundamentally_flawed,475,11,256,rib,Western,8,0.281925,47.2
257,20/6/2020,fundamentally_flawed,774,32,257,salted egg,Snacks,18,0.336444444,47.2
258,19/6/2020,fundamentally_flawed,1541,17,258,,,9,0.304,47.2
259,19/6/2020,fundamentally_flawed,763,13,259,,,11,0.140081818,47.2
260,18/6/2020,fundamentally_flawed,915,17,260,kuih,,12,0.175375,47.2
261,18/6/2020,fundamentally_flawed,251,3,261,,,2,0.3238,47.2
262,18/6/2020,fundamentally_flawed,840,22,262,,,14,0.31295,47.2
263,17/6/2020,fundamentally_flawed,389,8,263,,,4,0.324375,47.2
264,17/6/2020,fundamentally_flawed,305,6,264,,,3,0.6057,47.2
265,16/6/2020,fundamentally_flawed,525,8,265,curry puff,Malay,5,0.44198,47.2
266,16/6/2020,fundamentally_flawed,710,10,266,,,6,0.47665,47.2
267,15/6/2020,fundamentally_flawed,693,11,267,,,8,0.2645375,47.2
268,15/6/2020,fundamentally_flawed,681,18,268,ramen,Japanese,10,0.16974,47.2
269,15/6/2020,fundamentally_flawed,636,15,269,,,11,0.365981818,47.2
270,14/6/2020,fundamentally_flawed,518,12,270,,,8,0.4568375,47.2
271,14/6/2020,fundamentally_flawed,423,3,271,wagyu,Japanese,3,0.3013,47.2
272,14/6/2020,fundamentally_flawed,726,24,272,,,15,0.209406667,47.2
273,14/6/2020,fundamentally_flawed,455,5,273,,,3,0.2038,47.2
274,13/6/2020,fundamentally_flawed,306,6,274,,,4,0.673675,47.2
275,13/6/2020,fundamentally_flawed,725,10,275,,,10,0.26303,47.2
276,12/6/2020,fundamentally_flawed,294,7,276,,,4,0.356375,47.2
277,12/6/2020,fundamentally_flawed,1050,14,277,,,7,0.205814286,47.2
278,12/6/2020,fundamentally_flawed,488,15,278,,,6,0.342633333,47.2
279,11/6/2020,fundamentally_flawed,403,14,279,,,6,0.384333333,47.2
280,11/6/2020,fundamentally_flawed,1131,25,280,,,13,0.412346154,47.2
281,11/6/2020,fundamentally_flawed,523,13,281,,,8,0.334125,47.2
282,10/6/2020,fundamentally_flawed,401,1,282,,,1,0.6369,47.2
283,10/6/2020,fundamentally_flawed,895,17,283,,,7,0.2781,47.2
284,9/6/2020,fundamentally_flawed,619,17,284,,,11,0.424972727,47.2
285,9/6/2020,fundamentally_flawed,332,1,285,,,1,0.0772,47.2
286,8/6/2020,fundamentally_flawed,805,24,286,rib,Western,11,0.212109091,47.2
287,8/6/2020,fundamentally_flawed,612,15,287,shabu shabu,Japanese,10,0.04404,47.2
288,8/6/2020,fundamentally_flawed,595,10,288,,,6,0.495866667,47.2
289,7/6/2020,fundamentally_flawed,516,13,289,,,6,0.359466667,47.2
290,6/6/2020,fundamentally_flawed,849,6,290,,,5,0,47.2
291,6/6/2020,fundamentally_flawed,1299,32,291,bubur cha cha,Desserts,22,0.239395455,47.2
292,6/6/2020,fundamentally_flawed,416,5,292,,,3,0.233533333,47.2
293,5/6/2020,fundamentally_flawed,593,12,293,,,6,0.249716667,47.2
294,5/6/2020,fundamentally_flawed,1481,32,294,salted egg,Snacks,22,0.176863636,47.2
295,5/6/2020,fundamentally_flawed,681,10,295,,,6,0.174366667,47.2
296,4/6/2020,fundamentally_flawed,298,3,296,cookies,Snacks,2,0.28885,47.2
297,4/6/2020,fundamentally_flawed,552,17,297,,,10,0.23811,47.2
298,3/6/2020,fundamentally_flawed,573,12,298,tofu,Japanese,8,0.2707,47.2
299,3/6/2020,fundamentally_flawed,694,8,299,,,6,0.108016667,47.2
300,3/6/2020,fundamentally_flawed,769,14,300,kopi,Drinks and beverages,11,0.326472727,47.2
301,2/6/2020,fundamentally_flawed,615,6,301,gyoza,Japanese,4,0.32885,47.2
302,2/6/2020,fundamentally_flawed,654,19,302,,,13,0.262815385,47.2
303,2/6/2020,fundamentally_flawed,445,5,303,udon,Japanese,4,-0.056875,47.2
304,1/6/2020,fundamentally_flawed,382,2,304,ramen,Japanese,2,0.36755,47.2
305,1/6/2020,fundamentally_flawed,1527,51,305,milo,Drinks and beverages,20,0.185805,47.2
306,1/6/2020,fundamentally_flawed,275,5,306,,,3,0.1998,47.2
307,31/5/2020,fundamentally_flawed,446,5,307,,,3,0.3436,47.2
308,31/5/2020,fundamentally_flawed,399,6,308,sukiyaki,Japanese,4,0.3965,47.2
309,31/5/2020,fundamentally_flawed,570,13,309,,,7,0.079628571,47.2
310,30/5/2020,fundamentally_flawed,797,35,310,kuih,,15,0.41734,47.2
311,30/5/2020,fundamentally_flawed,307,2,311,,,1,0,47.2
312,29/6/2020,ieatishootipost,1625,37,312,,,22,0.310690909,136
313,28/6/2020,ieatishootipost,756,10,313,,,5,0.16252,136
314,28/6/2020,ieatishootipost,700,9,314,,,7,0.247028571,136
315,27/6/2020,ieatishootipost,632,10,315,udon,Japanese,6,0.1489,136
316,26/6/2020,ieatishootipost,1179,16,316,keropok,Malay,11,0.100690909,136
317,25/6/2020,ieatishootipost,1030,36,317,,,21,0.314638095,136
318,23/6/2020,ieatishootipost,1676,34,318,,,22,0.207263636,136
319,23/6/2020,ieatishootipost,808,18,319,,,13,0.367638462,136
320,21/6/2020,ieatishootipost,689,4,320,,,4,0.142975,136
321,18/6/2020,ieatishootipost,1963,32,321,,,22,0.234186364,136
322,16/6/2020,ieatishootipost,811,4,322,chilli crab,Seafood,4,0.4212,136
323,15/6/2020,ieatishootipost,476,6,323,sushi,Japanese,6,0.300666667,136
324,14/6/2020,ieatishootipost,1055,18,324,sambal,Malay,16,0.22809375,136
325,14/6/2020,ieatishootipost,963,23,325,,,17,0.230388235,136
326,13/6/2020,ieatishootipost,694,6,326,rib,Western,6,0.34865,136
327,13/6/2020,ieatishootipost,1026,20,327,mee pok,Chinese,16,0.12595625,136
328,12/6/2020,ieatishootipost,648,23,328,,,19,0.217147368,136
329,10/6/2020,ieatishootipost,693,9,329,,,8,0.3351125,136
330,9/6/2020,ieatishootipost,1005,21,330,cookies,Snacks,19,0.306394737,136
331,7/6/2020,ieatishootipost,1067,18,331,,,14,0.377085714,136
332,5/6/2020,ieatishootipost,1021,11,332,roast chicken,Western,9,0.200355556,136
333,29/6/2020,ieatishootipost,1625,37,333,,,22,0.310690909,136
334,28/6/2020,ieatishootipost,756,10,334,,,5,0.16252,136
335,28/6/2020,ieatishootipost,700,9,335,,,7,0.247028571,136
336,27/6/2020,ieatishootipost,632,10,336,udon,Japanese,6,0.1489,136
337,26/6/2020,ieatishootipost,1179,16,337,keropok,Malay,11,0.100690909,136
338,25/6/2020,ieatishootipost,1030,36,338,,,21,0.314638095,136
339,23/6/2020,ieatishootipost,1676,34,339,,,22,0.207263636,136
340,23/6/2020,ieatishootipost,808,18,340,,,13,0.367638462,136
341,21/6/2020,ieatishootipost,689,4,341,,,4,0.142975,136
342,18/6/2020,ieatishootipost,1963,32,342,,,22,0.234186364,136
343,16/6/2020,ieatishootipost,811,4,343,chilli crab,Seafood,4,0.4212,136
344,15/6/2020,ieatishootipost,476,6,344,sushi,Japanese,6,0.300666667,136
345,14/6/2020,ieatishootipost,1055,18,345,sambal,Malay,16,0.22809375,136
346,14/6/2020,ieatishootipost,963,23,346,,,17,0.230388235,136
347,13/6/2020,ieatishootipost,694,6,347,rib,Western,6,0.34865,136
348,13/6/2020,ieatishootipost,1026,20,348,mee pok,Chinese,16,0.12595625,136
349,12/6/2020,ieatishootipost,648,23,349,,,19,0.217147368,136
350,10/6/2020,ieatishootipost,693,9,350,,,8,0.3351125,136
351,9/6/2020,ieatishootipost,1005,21,351,cookies,Snacks,19,0.306394737,136
352,7/6/2020,ieatishootipost,1067,18,352,,,14,0.377085714,136
353,5/6/2020,ieatishootipost,1021,11,353,roast chicken,Western,9,0.200355556,136
354,4/6/2020,ieatishootipost,1634,117,354,,,20,0.213445,136
355,3/6/2020,ieatishootipost,918,19,355,har cheong gai,Chinese,13,0.205384615,136
356,2/6/2020,ieatishootipost,1150,51,356,roti prata,Indian,20,0.31311,136
357,31/5/2020,ieatishootipost,1141,22,357,,,19,0.122536842,136
358,30/5/2020,ieatishootipost,1338,35,358,kopi,Drinks and beverages,22,0.269531818,136
359,30/6/2020,misstamchiak,1585,16,359,,,14,0.158164286,154
360,30/6/2020,misstamchiak,686,8,360,,,8,0.16595,154
361,30/6/2020,misstamchiak,729,12,361,,,9,0.2408,154
362,29/6/2020,misstamchiak,283,10,362,,,5,0.0272,154
363,28/6/2020,misstamchiak,198,0,363,,,1,0,154
364,28/6/2020,misstamchiak,1162,22,364,,,19,0.127921053,154
365,27/6/2020,misstamchiak,456,5,365,,,4,0.044525,154
366,27/6/2020,misstamchiak,815,5,366,,,5,0.14088,154
367,27/6/2020,misstamchiak,271,0,367,chilli crab,Seafood,1,0,154
368,26/6/2020,misstamchiak,384,0,368,cereal prawns,Cross-cultural,1,0,154
369,26/6/2020,misstamchiak,404,2,369,rawon,Malay,2,0.3982,154
370,26/6/2020,misstamchiak,252,2,370,,,1,0.9565,154
371,25/6/2020,misstamchiak,921,5,371,soto,Malay,5,0.10212,154
372,25/6/2020,misstamchiak,202,0,372,gyoza,Japanese,1,0,154
373,25/6/2020,misstamchiak,352,1,373,chilli crab,Seafood,1,0.9921,154
374,25/6/2020,misstamchiak,766,6,374,,,5,0,154
375,24/6/2020,misstamchiak,599,5,375,,,3,0.276333333,154
376,24/6/2020,misstamchiak,927,7,376,oyster omelette,Seafood,6,0.132616667,154
377,24/6/2020,misstamchiak,188,1,377,edamame,Japanese,1,0,154
378,24/6/2020,misstamchiak,1375,8,378,,,7,0.227657143,154
379,23/6/2020,misstamchiak,413,1,379,,,1,0,154
380,23/6/2020,misstamchiak,196,0,380,gyoza,Japanese,1,0,154
381,23/6/2020,misstamchiak,885,15,381,,,10,0.27037,154
382,22/6/2020,misstamchiak,832,7,382,tofu,Japanese,6,0,154
383,22/6/2020,misstamchiak,593,6,383,,,4,0,154
384,21/6/2020,misstamchiak,205,0,384,,,1,0,154
385,21/6/2020,misstamchiak,1439,11,385,,,8,0.22785,154
386,20/6/2020,misstamchiak,442,3,386,,,3,0.5305,154
387,20/6/2020,misstamchiak,823,9,387,chilli crab,Seafood,6,0.243866667,154
388,20/6/2020,misstamchiak,465,6,388,tofu,Japanese,6,0.285516667,154
389,20/6/2020,misstamchiak,495,3,389,,,3,0,154
390,19/6/2020,misstamchiak,630,2,390,sambal,Malay,2,0.2202,154
391,19/6/2020,misstamchiak,337,14,391,oden,Japanese,10,0.28728,154
392,19/6/2020,misstamchiak,463,3,392,,,3,0.2546,154
393,19/6/2020,misstamchiak,1045,10,393,,,10,0.02532,154
394,18/6/2020,misstamchiak,230,1,394,,,1,0,154
395,18/6/2020,misstamchiak,275,4,395,bandung,Drinks and beverages,4,0,154
396,17/6/2020,misstamchiak,186,0,396,bak kut teh,Chinese,1,0,154
397,17/6/2020,misstamchiak,991,6,397,,,6,0.218533333,154
398,17/6/2020,misstamchiak,656,15,398,oden,Japanese,11,0.3363,154
399,16/6/2020,misstamchiak,587,3,399,chilli crab,Seafood,3,0.2395,154
400,16/6/2020,misstamchiak,455,8,400,yakitori,Japanese,7,0.155428571,154
401,15/6/2020,misstamchiak,488,1,401,,,1,0,154
402,15/6/2020,misstamchiak,295,4,402,bandung,Drinks and beverages,4,0,154
403,15/6/2020,misstamchiak,479,6,403,rib,Western,5,0.1345,154
404,15/6/2020,misstamchiak,862,28,404,,,16,0.0876875,154
405,14/6/2020,misstamchiak,393,5,405,,,5,0.35638,154
406,13/6/2020,misstamchiak,315,4,406,,,4,0.561,154
407,13/6/2020,misstamchiak,1086,8,407,,,7,0.022057143,154
408,12/6/2020,misstamchiak,666,2,408,,,2,0.31845,154
409,12/6/2020,misstamchiak,855,10,409,tofu,Japanese,7,0.323785714,154
410,11/6/2020,misstamchiak,461,6,410,rib,Western,6,0.099983333,154
411,11/6/2020,misstamchiak,371,16,411,,,10,0.00222,154
412,10/6/2020,misstamchiak,549,5,412,,,5,0,154
413,10/6/2020,misstamchiak,688,8,413,popiah,Chinese,7,0.1816,154
414,9/6/2020,misstamchiak,781,8,414,kuih,,6,0.1725,154
415,9/6/2020,misstamchiak,667,8,415,tofu,Japanese,7,0.032957143,154
416,8/6/2020,misstamchiak,318,3,416,popiah,Chinese,2,0.3517,154
417,7/6/2020,misstamchiak,745,3,417,,,3,0.386466667,154
418,7/6/2020,misstamchiak,1210,15,418,,,13,0.264969231,154
419,6/6/2020,misstamchiak,1075,8,419,salted egg,Snacks,8,0.0713625,154
420,6/6/2020,misstamchiak,1045,10,420,ramen,Japanese,9,0.2411,154
421,6/6/2020,misstamchiak,261,2,421,rib,Western,2,0,154
422,6/6/2020,misstamchiak,855,13,422,sambal,Malay,7,0.157328571,154
423,5/6/2020,misstamchiak,837,3,423,hainanese chicken rice,Chinese,3,0.265466667,154
424,4/6/2020,misstamchiak,280,1,424,char kway teow,Chinese,1,0,154
425,4/6/2020,misstamchiak,787,4,425,,,2,0.20995,154
426,4/6/2020,misstamchiak,853,12,426,,,6,0.221133333,154
427,4/6/2020,misstamchiak,446,1,427,,,1,0.4588,154
428,3/6/2020,misstamchiak,271,2,428,salted egg,Snacks,1,0,154
429,3/6/2020,misstamchiak,892,6,429,,,6,0.076466667,154
430,3/6/2020,misstamchiak,1312,9,430,,,4,0,154
431,2/6/2020,misstamchiak,394,2,431,,,2,0.32335,154
432,1/6/2020,misstamchiak,501,8,432,chilli crab,Seafood,4,0.135275,154
433,1/6/2020,misstamchiak,660,5,433,,,5,0.42658,154
434,1/6/2020,misstamchiak,767,7,434,,,5,0.11414,154
435,31/5/2020,misstamchiak,690,10,435,,,9,0.0782,154
436,31/5/2020,misstamchiak,612,1,436,,,1,0,154
437,30/5/2020,misstamchiak,933,18,437,,,14,0.106528571,154
438,30/6/2020,sethluicious,745,12,438,sashimi,Japanese,10,0.06369,114
439,30/6/2020,sethluicious,728,4,439,,,4,0.2463,114
440,29/6/2020,sethluicious,579,6,440,,,3,0.1405,114
441,29/6/2020,sethluicious,576,84,441,,,23,0.606269565,114
442,28/6/2020,sethluicious,815,9,442,frog leg porridge,Chinese,7,0.155285714,114
443,28/6/2020,sethluicious,1798,21,443,,,15,0.220553333,114
444,27/6/2020,sethluicious,733,2,444,ban mian,Chinese,2,0,114
445,27/6/2020,sethluicious,885,7,445,,,5,0,114
446,26/6/2020,sethluicious,898,4,446,,,2,0.11125,114
447,26/6/2020,sethluicious,934,4,447,,,4,0.4434,114
448,25/6/2020,sethluicious,1179,26,448,curry rice,Japanese,20,0.12482,114
449,25/6/2020,sethluicious,655,4,449,,,2,0.4429,114
450,24/6/2020,sethluicious,842,5,450,,,5,0.10554,114
451,24/6/2020,sethluicious,1035,8,451,,,7,0.349428571,114
452,23/6/2020,sethluicious,742,2,452,,,2,0,114
453,23/6/2020,sethluicious,545,3,453,,,3,0.3941,114
454,22/6/2020,sethluicious,780,6,454,,,6,0,114
455,22/6/2020,sethluicious,664,5,455,,,4,0.20315,114
456,21/6/2020,sethluicious,1272,14,456,rib,Western,9,0.400222222,114
457,20/6/2020,sethluicious,728,3,457,milo,Drinks and beverages,3,0.2083,114
458,19/6/2020,sethluicious,799,10,458,,,10,0.02508,114
459,19/6/2020,sethluicious,402,2,459,,,2,0,114
460,18/6/2020,sethluicious,499,3,460,,,3,0.119833333,114
461,18/6/2020,sethluicious,553,1,461,bubur cha cha,Desserts,1,0,114
462,17/6/2020,sethluicious,1274,13,462,cookies,Snacks,11,0.156781818,114
463,16/6/2020,sethluicious,1036,7,463,,,6,0,114
464,15/6/2020,sethluicious,835,4,464,sambal,Malay,4,0.06405,114
465,14/6/2020,sethluicious,1001,10,465,,,7,0.2204,114
466,13/6/2020,sethluicious,922,2,466,,,2,0,114
467,12/6/2020,sethluicious,674,6,467,cookies,Snacks,6,0.27885,114
468,11/6/2020,sethluicious,776,5,468,,,4,0.40055,114
469,10/6/2020,sethluicious,777,3,469,,,3,0.219333333,114
470,9/6/2020,sethluicious,1228,12,470,chilli crab,Seafood,12,0.145683333,114
471,8/6/2020,sethluicious,1120,36,471,,,11,0.206309091,114
472,8/6/2020,sethluicious,619,1,472,,,1,0,114
473,7/6/2020,sethluicious,557,6,473,,,4,-0.0129,114
474,6/6/2020,sethluicious,2472,24,474,,,18,0.154594444,114
475,5/6/2020,sethluicious,957,3,475,,,3,0.298566667,114
476,5/6/2020,sethluicious,716,3,476,,,3,0.289566667,114
477,4/6/2020,sethluicious,815,3,477,horlicks,Drinks and beverages,3,0.291066667,114
478,4/6/2020,sethluicious,621,2,478,chilli crab,Seafood,2,0,114
479,3/6/2020,sethluicious,1028,3,479,,,3,0,114
480,2/6/2020,sethluicious,914,7,480,scones,Snacks,6,0.235983333,114
481,1/6/2020,sethluicious,714,8,481,,,5,0.28138,114
482,31/5/2020,sethluicious,750,1,482,,,1,0,114
483,31/5/2020,sethluicious,906,7,483,,,7,0.254285714,114
484,30/5/2020,sethluicious,695,5,484,crab bee hoon,Chinese,4,0.2153,114
485,30/6/2020,sethluicious,745,12,485,sashimi,Japanese,10,0.06369,114
486,30/6/2020,sethluicious,728,4,486,,,4,0.2463,114
487,29/6/2020,sethluicious,579,6,487,,,3,0.1405,114
488,29/6/2020,sethluicious,576,84,488,,,23,0.606269565,114
489,28/6/2020,sethluicious,815,9,489,frog leg porridge,Chinese,7,0.155285714,114
490,28/6/2020,sethluicious,1798,21,490,,,15,0.220553333,114
491,27/6/2020,sethluicious,733,2,491,ban mian,Chinese,2,0,114
492,27/6/2020,sethluicious,885,7,492,,,5,0,114
493,26/6/2020,sethluicious,898,4,493,,,2,0.11125,114
494,26/6/2020,sethluicious,934,4,494,,,4,0.4434,114
495,25/6/2020,sethluicious,1179,26,495,curry rice,Japanese,20,0.12482,114
496,25/6/2020,sethluicious,655,4,496,,,2,0.4429,114
497,24/6/2020,sethluicious,842,5,497,,,5,0.10554,114
498,24/6/2020,sethluicious,1035,8,498,,,7,0.349428571,114
499,23/6/2020,sethluicious,742,2,499,,,2,0,114
500,23/6/2020,sethluicious,545,3,500,,,3,0.3941,114
501,22/6/2020,sethluicious,780,6,501,,,6,0,114
502,22/6/2020,sethluicious,664,5,502,,,4,0.20315,114
503,21/6/2020,sethluicious,1272,14,503,rib,Western,9,0.400222222,114
504,20/6/2020,sethluicious,728,3,504,milo,Drinks and beverages,3,0.2083,114
505,19/6/2020,sethluicious,799,10,505,,,10,0.02508,114
506,19/6/2020,sethluicious,402,2,506,,,2,0,114
507,18/6/2020,sethluicious,499,3,507,,,3,0.119833333,114
508,18/6/2020,sethluicious,553,1,508,bubur cha cha,Desserts,1,0,114
509,17/6/2020,sethluicious,1274,13,509,cookies,Snacks,11,0.156781818,114
510,16/6/2020,sethluicious,1036,7,510,,,6,0,114
511,15/6/2020,sethluicious,835,4,511,sambal,Malay,4,0.06405,114
512,14/6/2020,sethluicious,1001,10,512,,,7,0.2204,114
513,13/6/2020,sethluicious,922,2,513,,,2,0,114
514,12/6/2020,sethluicious,674,6,514,cookies,Snacks,6,0.27885,114
515,11/6/2020,sethluicious,776,5,515,,,4,0.40055,114
516,10/6/2020,sethluicious,777,3,516,,,3,0.219333333,114
517,9/6/2020,sethluicious,1228,12,517,chilli crab,Seafood,12,0.145683333,114
518,8/6/2020,sethluicious,1120,36,518,,,11,0.206309091,114
519,8/6/2020,sethluicious,619,1,519,,,1,0,114
520,7/6/2020,sethluicious,557,6,520,,,4,-0.0129,114
521,6/6/2020,sethluicious,2472,24,521,,,18,0.154594444,114
522,5/6/2020,sethluicious,957,3,522,,,3,0.298566667,114
523,5/6/2020,sethluicious,716,3,523,,,3,0.289566667,114
524,4/6/2020,sethluicious,815,3,524,horlicks,Drinks and beverages,3,0.291066667,114
525,4/6/2020,sethluicious,621,2,525,chilli crab,Seafood,2,0,114
526,3/6/2020,sethluicious,1028,3,526,,,3,0,114
527,2/6/2020,sethluicious,914,7,527,scones,Snacks,6,0.235983333,114
528,1/6/2020,sethluicious,714,8,528,,,5,0.28138,114
529,31/5/2020,sethluicious,750,1,529,,,1,0,114
530,31/5/2020,sethluicious,906,7,530,,,7,0.254285714,114
531,30/5/2020,sethluicious,695,5,531,crab bee hoon,Chinese,4,0.2153,114
532,30/6/2020,sgfoodonfoot,273,4,532,,,4,0,54.9
533,30/6/2020,sgfoodonfoot,241,6,533,,,6,0.13265,54.9
534,30/6/2020,sgfoodonfoot,238,4,534,,,4,0,54.9
535,30/6/2020,sgfoodonfoot,569,16,535,,,8,-0.006625,54.9
536,29/6/2020,sgfoodonfoot,516,8,536,sushi,Japanese,7,0.206657143,54.9
537,29/6/2020,sgfoodonfoot,322,2,537,,,2,0,54.9
538,29/6/2020,sgfoodonfoot,356,5,538,,,5,0,54.9
539,28/6/2020,sgfoodonfoot,367,3,539,,,2,0,54.9
540,28/6/2020,sgfoodonfoot,442,3,540,,,3,0.1468,54.9
541,28/6/2020,sgfoodonfoot,467,626,541,,,20,0.119265,54.9
542,27/6/2020,sgfoodonfoot,405,3,542,kuih,,2,0.27305,54.9
543,27/6/2020,sgfoodonfoot,297,4,543,,,2,0.25405,54.9
544,27/6/2020,sgfoodonfoot,241,6,544,,,3,0.643866667,54.9
545,26/6/2020,sgfoodonfoot,345,10,545,,,4,0.20995,54.9
546,26/6/2020,sgfoodonfoot,287,5,546,,,3,0.164233333,54.9
547,26/6/2020,sgfoodonfoot,318,1,547,,,1,0,54.9
548,25/6/2020,sgfoodonfoot,270,1,548,bak kut teh,Chinese,1,0,54.9
549,25/6/2020,sgfoodonfoot,278,6,549,,,3,0.469733333,54.9
550,25/6/2020,sgfoodonfoot,436,6,550,,,3,0.192566667,54.9
551,24/6/2020,sgfoodonfoot,219,9,551,,,4,0.480825,54.9
552,24/6/2020,sgfoodonfoot,331,7,552,,,4,0.3812,54.9
553,24/6/2020,sgfoodonfoot,299,5,553,,,3,0.529233333,54.9
554,23/6/2020,sgfoodonfoot,366,17,554,ramen,Japanese,7,0.305385714,54.9
555,23/6/2020,sgfoodonfoot,348,16,555,ramen,Japanese,8,0.4205625,54.9
556,23/6/2020,sgfoodonfoot,255,7,556,,,4,0.215475,54.9
557,22/6/2020,sgfoodonfoot,246,1,557,,,1,0,54.9
558,22/6/2020,sgfoodonfoot,311,6,558,ramen,Japanese,3,0.415766667,54.9
559,22/6/2020,sgfoodonfoot,255,5,559,,,3,0.179966667,54.9
560,21/6/2020,sgfoodonfoot,497,15,560,,,9,0.235722222,54.9
561,21/6/2020,sgfoodonfoot,350,9,561,sambal,Malay,5,0.34238,54.9
562,21/6/2020,sgfoodonfoot,491,10,562,hokkien mee,Chinese,6,0,54.9
563,20/6/2020,sgfoodonfoot,754,12,563,,,7,0.337614286,54.9
564,20/6/2020,sgfoodonfoot,414,10,564,bak chang,Chinese,4,0.464925,54.9
565,20/6/2020,sgfoodonfoot,393,9,565,,,5,0.33644,54.9
566,19/6/2020,sgfoodonfoot,268,3,566,,,2,0,54.9
567,19/6/2020,sgfoodonfoot,335,1,567,,,1,0,54.9
568,19/6/2020,sgfoodonfoot,257,13,568,,,4,0.365575,54.9
569,18/6/2020,sgfoodonfoot,623,30,569,hokkien mee,Chinese,15,0.226333333,54.9
570,26/6/2020,sgfoodonfoot,287,5,570,,,3,0.164233333,54.9
571,26/6/2020,sgfoodonfoot,318,1,571,,,1,0,54.9
572,25/6/2020,sgfoodonfoot,270,1,572,bak kut teh,Chinese,1,0,54.9
573,25/6/2020,sgfoodonfoot,278,6,573,,,3,0.469733333,54.9
574,25/6/2020,sgfoodonfoot,436,6,574,,,3,0.192566667,54.9
575,24/6/2020,sgfoodonfoot,219,9,575,,,4,0.480825,54.9
576,24/6/2020,sgfoodonfoot,331,7,576,,,4,0.3812,54.9
577,24/6/2020,sgfoodonfoot,299,5,577,,,3,0.529233333,54.9
578,23/6/2020,sgfoodonfoot,366,17,578,ramen,Japanese,7,0.305385714,54.9
579,23/6/2020,sgfoodonfoot,348,16,579,ramen,Japanese,8,0.4205625,54.9
580,23/6/2020,sgfoodonfoot,255,7,580,,,4,0.215475,54.9
581,22/6/2020,sgfoodonfoot,246,1,581,,,1,0,54.9
582,22/6/2020,sgfoodonfoot,311,6,582,ramen,Japanese,3,0.415766667,54.9
583,22/6/2020,sgfoodonfoot,255,5,583,,,3,0.179966667,54.9
584,21/6/2020,sgfoodonfoot,497,15,584,,,9,0.235722222,54.9
585,21/6/2020,sgfoodonfoot,350,9,585,sambal,Malay,5,0.34238,54.9
586,21/6/2020,sgfoodonfoot,491,10,586,hokkien mee,Chinese,6,0,54.9
587,20/6/2020,sgfoodonfoot,754,12,587,,,7,0.337614286,54.9
588,20/6/2020,sgfoodonfoot,414,10,588,bak chang,Chinese,4,0.464925,54.9
589,20/6/2020,sgfoodonfoot,393,9,589,,,5,0.33644,54.9
590,19/6/2020,sgfoodonfoot,268,3,590,,,2,0,54.9
591,19/6/2020,sgfoodonfoot,335,1,591,,,1,0,54.9
592,19/6/2020,sgfoodonfoot,257,13,592,,,4,0.365575,54.9
593,18/6/2020,sgfoodonfoot,623,30,593,hokkien mee,Chinese,15,0.226333333,54.9
594,18/6/2020,sgfoodonfoot,275,15,594,,,7,0.218385714,54.9
595,18/6/2020,sgfoodonfoot,305,11,595,sushi,Japanese,4,0.114575,54.9
596,17/6/2020,sgfoodonfoot,439,1,596,sambal,Malay,1,0,54.9
597,17/6/2020,sgfoodonfoot,401,8,597,rib,Western,4,0,54.9
598,17/6/2020,sgfoodonfoot,317,7,598,satay,Malay,4,0.42845,54.9
599,16/6/2020,sgfoodonfoot,387,7,599,,,3,0.2123,54.9
600,16/6/2020,sgfoodonfoot,143,4,600,,,3,0.259433333,54.9
601,16/6/2020,sgfoodonfoot,263,6,601,,,4,0.30865,54.9
602,15/6/2020,sgfoodonfoot,203,3,602,,,2,0.3784,54.9
603,15/6/2020,sgfoodonfoot,411,11,603,,,6,0.258233333,54.9
604,15/6/2020,sgfoodonfoot,320,9,604,,,4,0.281525,54.9
605,15/6/2020,sgfoodonfoot,194,1,605,rib,Western,1,0,54.9
606,14/6/2020,sgfoodonfoot,344,7,606,,,5,0.30422,54.9
607,14/6/2020,sgfoodonfoot,374,2,607,sushi,Japanese,2,0,54.9
608,14/6/2020,sgfoodonfoot,560,6,608,,,5,0.22988,54.9
609,14/6/2020,sgfoodonfoot,257,8,609,,,4,0.295925,54.9
610,13/6/2020,sgfoodonfoot,257,4,610,,,2,0.77285,54.9
611,13/6/2020,sgfoodonfoot,464,19,611,rib,Western,10,0.23842,54.9
612,13/6/2020,sgfoodonfoot,333,1,612,,,1,0,54.9
613,13/6/2020,sgfoodonfoot,292,7,613,,,4,0.268425,54.9
614,12/6/2020,sgfoodonfoot,530,9,614,,,7,0.2736,54.9
615,12/6/2020,sgfoodonfoot,276,10,615,,,5,0.46396,54.9
616,12/6/2020,sgfoodonfoot,352,13,616,,,7,0.230114286,54.9
617,12/6/2020,sgfoodonfoot,464,16,617,,,7,0.083242857,54.9
618,11/6/2020,sgfoodonfoot,217,5,618,,,3,0.2502,54.9
619,11/6/2020,sgfoodonfoot,404,1,619,,,1,0,54.9
620,11/6/2020,sgfoodonfoot,268,5,620,rib,Western,3,0,54.9
621,10/6/2020,sgfoodonfoot,293,5,621,,,3,0.364666667,54.9
622,10/6/2020,sgfoodonfoot,250,2,622,fish head curry,Cross-cultural,2,0,54.9
623,10/6/2020,sgfoodonfoot,536,18,623,,,8,0.3759375,54.9
624,9/6/2020,sgfoodonfoot,358,20,624,,,10,0.27351,54.9
625,9/6/2020,sgfoodonfoot,291,5,625,,,3,0.1468,54.9
626,9/6/2020,sgfoodonfoot,864,22,626,chilli crab,Seafood,8,0.4489375,54.9
627,8/6/2020,sgfoodonfoot,549,10,627,tofu,Japanese,6,0.49565,54.9
628,8/6/2020,sgfoodonfoot,290,4,628,,,2,0,54.9
629,8/6/2020,sgfoodonfoot,464,20,629,,,10,0.21755,54.9
630,7/6/2020,sgfoodonfoot,258,4,630,,,3,-0.0748,54.9
631,7/6/2020,sgfoodonfoot,322,1,631,chilli crab,Seafood,1,0,54.9
632,7/6/2020,sgfoodonfoot,479,14,632,,,7,0.2725,54.9
633,6/6/2020,sgfoodonfoot,273,3,633,bak kut teh,Chinese,2,0.2377,54.9
634,6/6/2020,sgfoodonfoot,359,1,634,wagyu,Japanese,1,0,54.9
635,6/6/2020,sgfoodonfoot,363,14,635,cookies,Snacks,8,0.418025,54.9
636,5/6/2020,sgfoodonfoot,338,10,636,,,5,0.59496,54.9
637,5/6/2020,sgfoodonfoot,467,11,637,kuih,,6,0.050383333,54.9
638,5/6/2020,sgfoodonfoot,347,4,638,,,2,0.28535,54.9
639,4/6/2020,sgfoodonfoot,458,12,639,,,7,0.510671429,54.9
640,4/6/2020,sgfoodonfoot,411,6,640,mee siam,Cross-cultural,4,0.0903,54.9
641,4/6/2020,sgfoodonfoot,344,6,641,,,4,0.558,54.9
642,3/6/2020,sgfoodonfoot,325,1,642,hokkien mee,Chinese,1,0,54.9
643,3/6/2020,sgfoodonfoot,283,8,643,,,3,0.1983,54.9
644,3/6/2020,sgfoodonfoot,306,2,644,,,2,0,54.9
645,2/6/2020,sgfoodonfoot,310,53,645,,,24,0.069320833,54.9
646,2/6/2020,sgfoodonfoot,317,2,646,,,2,0,54.9
647,2/6/2020,sgfoodonfoot,379,6,647,ramen,Japanese,4,0,54.9
648,2/6/2020,sgfoodonfoot,567,13,648,,,8,0.14715,54.9
649,1/6/2020,sgfoodonfoot,642,11,649,tofu,Japanese,7,0.303242857,54.9
650,1/6/2020,sgfoodonfoot,807,24,650,,,8,0.3883375,54.9
651,1/6/2020,sgfoodonfoot,448,22,651,,,11,0.298990909,54.9
652,31/5/2020,sgfoodonfoot,326,3,652,wagyu,Japanese,2,0.2377,54.9
653,31/5/2020,sgfoodonfoot,277,1,653,bak kut teh,Chinese,1,0,54.9
654,30/6/2020,sheeatsshecooks,1121,12,654,,,12,0.261741667,53.6
655,29/6/2020,sheeatsshecooks,1128,7,655,gyoza,Japanese,7,0.075242857,53.6
656,28/6/2020,sheeatsshecooks,1368,11,656,roast chicken,Western,11,0.155545455,53.6
657,26/6/2020,sheeatsshecooks,1795,288,657,,,24,0.2695,53.6
658,24/6/2020,sheeatsshecooks,1227,16,658,,,13,0.3403,53.6
659,24/6/2020,sheeatsshecooks,1214,13,659,,,13,0.128446154,53.6
660,23/6/2020,sheeatsshecooks,1358,13,660,,,12,0.092558333,53.6
661,22/6/2020,sheeatsshecooks,1326,21,661,,,17,0.240164706,53.6
662,21/6/2020,sheeatsshecooks,1437,14,662,chawanmushi,Japanese,12,0.209008333,53.6
663,20/6/2020,sheeatsshecooks,1369,23,663,rib,Western,20,0.261335,53.6
664,18/6/2020,sheeatsshecooks,1303,20,664,,,14,0.231092857,53.6
665,17/6/2020,sheeatsshecooks,1085,11,665,beef tartare,Western,11,0.108681818,53.6
666,17/6/2020,sheeatsshecooks,1082,7,666,,,6,0.13695,53.6
667,16/6/2020,sheeatsshecooks,1148,14,667,rib,Western,12,0.05095,53.6
668,14/6/2020,sheeatsshecooks,1386,22,668,sashimi,Japanese,18,0.175716667,53.6
669,14/6/2020,sheeatsshecooks,1405,18,669,rib,Western,13,0.188415385,53.6
670,11/6/2020,sheeatsshecooks,1104,14,670,,,12,0.211641667,53.6
671,10/6/2020,sheeatsshecooks,1266,14,671,rib,Western,13,0.232392308,53.6
672,10/6/2020,sheeatsshecooks,1456,17,672,hokkien mee,Chinese,14,0.273321429,53.6
673,9/6/2020,sheeatsshecooks,1380,15,673,,,14,0.241921429,53.6
674,8/6/2020,sheeatsshecooks,1022,6,674,scones,Snacks,6,0.139333333,53.6
675,7/6/2020,sheeatsshecooks,1304,10,675,salted egg,Snacks,10,0.18844,53.6
676,7/6/2020,sheeatsshecooks,1952,25,676,,,17,0.013376471,53.6
677,6/6/2020,sheeatsshecooks,1092,15,677,,,14,0.045492857,53.6
678,5/6/2020,sheeatsshecooks,1216,9,678,,,9,0.228933333,53.6
679,4/6/2020,sheeatsshecooks,1324,11,679,tofu,Japanese,10,0.20857,53.6
680,3/6/2020,sheeatsshecooks,1413,18,680,,,15,0.07854,53.6
681,2/6/2020,sheeatsshecooks,1071,10,681,rib,Western,10,0.1349,53.6
682,1/6/2020,sheeatsshecooks,1179,8,682,,,8,0.235825,53.6
683,31/5/2020,sheeatsshecooks,1125,9,683,,,8,0.2455125,53.6
684,30/6/2020,stormscape,804,8,684,,,4,0.450025,73.6
685,30/6/2020,stormscape,334,27,685,,,11,0.205754545,73.6
686,29/6/2020,stormscape,407,10,686,sushi,Japanese,6,0.283,73.6
687,29/6/2020,stormscape,369,5,687,,,4,0.159225,73.6
688,29/6/2020,stormscape,323,6,688,,,4,0.0903,73.6
689,28/6/2020,stormscape,420,5,689,,,5,0.4899,73.6
690,28/6/2020,stormscape,703,6,690,,,4,0.1814,73.6
691,27/6/2020,stormscape,315,8,691,,,5,0,73.6
692,27/6/2020,stormscape,623,7,692,sushi,Japanese,6,0.368983333,73.6
693,25/6/2020,stormscape,457,2,693,,,2,0,73.6
694,25/6/2020,stormscape,720,20,694,,,14,0.328585714,73.6
695,25/6/2020,stormscape,336,2,695,salted egg,Snacks,2,0.31845,73.6
696,24/6/2020,stormscape,373,9,696,,,5,0.35558,73.6
697,24/6/2020,stormscape,523,7,697,,,6,0.3514,73.6
698,23/6/2020,stormscape,514,7,698,,,6,0.3721,73.6
699,23/6/2020,stormscape,825,15,699,kuih,,9,0.192111111,73.6
700,23/6/2020,stormscape,486,11,700,,,5,0.48696,73.6
701,22/6/2020,stormscape,695,13,701,,,9,0.314655556,73.6
702,22/6/2020,stormscape,422,7,702,sambal,Malay,2,0.443,73.6
703,22/6/2020,stormscape,526,16,703,,,5,0.43762,73.6
704,21/6/2020,stormscape,483,11,704,sambal,Malay,7,0.369857143,73.6
705,21/6/2020,stormscape,300,1,705,,,1,0,73.6
706,20/6/2020,stormscape,289,4,706,,,4,0.10935,73.6
707,18/6/2020,stormscape,784,95,707,,,21,0.316995238,73.6
708,18/6/2020,stormscape,492,6,708,curry puff,Malay,3,0,73.6
709,18/6/2020,stormscape,338,5,709,,,4,0.159225,73.6
710,17/6/2020,stormscape,557,2,710,salted egg,Snacks,2,0.20095,73.6
711,16/6/2020,stormscape,297,1,711,,,1,0,73.6
712,16/6/2020,stormscape,265,8,712,,,5,0.2588,73.6
713,16/6/2020,stormscape,464,16,713,satay,Malay,7,0.5672,73.6
714,15/6/2020,stormscape,381,8,714,,,5,0.4327,73.6
715,15/6/2020,stormscape,272,6,715,,,3,0.145866667,73.6
716,15/6/2020,stormscape,485,5,716,chilli crab,Seafood,5,0.25286,73.6
717,14/6/2020,stormscape,658,34,717,,,12,0.47475,73.6
718,14/6/2020,stormscape,700,24,718,,,14,0.202971429,73.6
719,13/6/2020,stormscape,601,12,719,,,7,-0.0837,73.6
720,13/6/2020,stormscape,395,16,720,satay,Malay,8,0.5299125,73.6
721,30/6/2020,stormscape,334,27,721,,,11,0.205754545,73.6
722,29/6/2020,stormscape,407,10,722,sushi,Japanese,6,0.283,73.6
723,29/6/2020,stormscape,369,5,723,,,4,0.159225,73.6
724,29/6/2020,stormscape,323,6,724,,,4,0.0903,73.6
725,28/6/2020,stormscape,420,5,725,,,5,0.4899,73.6
726,28/6/2020,stormscape,703,6,726,,,4,0.1814,73.6
727,27/6/2020,stormscape,315,8,727,,,5,0,73.6
728,27/6/2020,stormscape,623,7,728,sushi,Japanese,6,0.368983333,73.6
729,25/6/2020,stormscape,457,2,729,,,2,0,73.6
730,25/6/2020,stormscape,720,20,730,,,14,0.328585714,73.6
731,25/6/2020,stormscape,336,2,731,salted egg,Snacks,2,0.31845,73.6
732,24/6/2020,stormscape,373,9,732,,,5,0.35558,73.6
733,24/6/2020,stormscape,523,7,733,,,6,0.3514,73.6
734,23/6/2020,stormscape,514,7,734,,,6,0.3721,73.6
735,23/6/2020,stormscape,825,15,735,kuih,,9,0.192111111,73.6
736,23/6/2020,stormscape,486,11,736,,,5,0.48696,73.6
737,22/6/2020,stormscape,695,13,737,,,9,0.314655556,73.6
738,22/6/2020,stormscape,422,7,738,sambal,Malay,2,0.443,73.6
739,22/6/2020,stormscape,526,16,739,,,5,0.43762,73.6
740,21/6/2020,stormscape,483,11,740,sambal,Malay,7,0.369857143,73.6
741,21/6/2020,stormscape,300,1,741,,,1,0,73.6
742,20/6/2020,stormscape,289,4,742,,,4,0.10935,73.6
743,18/6/2020,stormscape,784,95,743,,,21,0.316995238,73.6
744,18/6/2020,stormscape,492,6,744,curry puff,Malay,3,0,73.6
745,18/6/2020,stormscape,338,5,745,,,4,0.159225,73.6
746,17/6/2020,stormscape,557,2,746,salted egg,Snacks,2,0.20095,73.6
747,16/6/2020,stormscape,297,1,747,,,1,0,73.6
748,16/6/2020,stormscape,265,8,748,,,5,0.2588,73.6
749,16/6/2020,stormscape,464,16,749,satay,Malay,7,0.5672,73.6
750,15/6/2020,stormscape,381,8,750,,,5,0.4327,73.6
751,15/6/2020,stormscape,272,6,751,,,3,0.145866667,73.6
752,15/6/2020,stormscape,485,5,752,chilli crab,Seafood,5,0.25286,73.6
753,14/6/2020,stormscape,658,34,753,,,12,0.47475,73.6
754,14/6/2020,stormscape,700,24,754,,,14,0.202971429,73.6
755,13/6/2020,stormscape,601,12,755,,,7,-0.0837,73.6
756,13/6/2020,stormscape,395,16,756,satay,Malay,8,0.5299125,73.6
757,12/6/2020,stormscape,491,5,757,,,3,0.432433333,73.6
758,11/6/2020,stormscape,660,305,758,,,24,0.186225,73.6
759,11/6/2020,stormscape,379,5,759,salted egg,Snacks,4,0.11435,73.6
760,11/6/2020,stormscape,460,14,760,,,7,0.233714286,73.6
761,10/6/2020,stormscape,399,2,761,tempura,Japanese,2,0,73.6
762,10/6/2020,stormscape,368,4,762,,,3,0.553933333,73.6
763,9/6/2020,stormscape,369,24,763,,,8,0.4717875,73.6
764,9/6/2020,stormscape,517,11,764,kuih,,5,0.28448,73.6
765,9/6/2020,stormscape,431,2,765,,,2,0.29295,73.6
766,8/6/2020,stormscape,216,6,766,,,4,0.2653,73.6
767,8/6/2020,stormscape,419,12,767,fish head curry,Cross-cultural,7,0.299728571,73.6
768,7/6/2020,stormscape,534,8,768,,,7,0.437342857,73.6
769,7/6/2020,stormscape,761,32,769,,,13,0.260523077,73.6
770,6/6/2020,stormscape,550,4,770,,,3,-0.075433333,73.6
771,6/6/2020,stormscape,552,7,771,acar,Malay,5,0.7093,73.6
772,5/6/2020,stormscape,320,10,772,,,6,0.122416667,73.6
773,4/6/2020,stormscape,378,6,773,rib,Western,5,0.34768,73.6
774,4/6/2020,stormscape,1040,1439,774,,,20,0.20278,73.6
775,4/6/2020,stormscape,273,4,775,,,3,0.278666667,73.6
776,3/6/2020,stormscape,655,9,776,salted egg,Snacks,6,0.5159,73.6
777,3/6/2020,stormscape,730,8,777,tempura,Japanese,6,0.1299,73.6
778,3/6/2020,stormscape,671,29,778,ketupat,Malay,14,0.123614286,73.6
779,2/6/2020,stormscape,460,2,779,salted egg,Snacks,2,0.064,73.6
780,2/6/2020,stormscape,587,10,780,,,6,0.237483333,73.6
781,1/6/2020,stormscape,397,19,781,,,9,0.158344444,73.6
782,1/6/2020,stormscape,394,8,782,,,4,0.6864,73.6
783,31/5/2020,stormscape,1170,22,783,,,14,0.082264286,73.6
784,31/5/2020,stormscape,438,12,784,,,8,0.0999875,73.6
785,31/5/2020,stormscape,454,4,785,,,4,0.51515,73.6
786,30/5/2020,stormscape,570,3,786,salted egg,Snacks,2,0.31845,73.6
787,30/5/2020,stormscape,345,8,787,,,5,0.13848,73.6
788,30/5/2020,stormscape,466,4,788,,,3,0.536166667,73.6
789,30/6/2020,thesilverchef,679,2,789,,,2,0.5719,48.6
790,30/6/2020,thesilverchef,497,7,790,,,4,0.345875,48.6
791,30/6/2020,thesilverchef,562,24,791,,,8,0.3995375,48.6
792,29/6/2020,thesilverchef,242,0,792,,,1,0,48.6
793,29/6/2020,thesilverchef,1127,20,793,,,11,0.222272727,48.6
794,29/6/2020,thesilverchef,322,5,794,,,4,0.409575,48.6
795,28/6/2020,thesilverchef,604,3,795,,,3,0.343566667,48.6
796,28/6/2020,thesilverchef,1236,31,796,,,18,0.223444444,48.6
797,28/6/2020,thesilverchef,331,3,797,,,3,0.362133333,48.6
798,27/6/2020,thesilverchef,308,5,798,,,5,0.21392,48.6
799,27/6/2020,thesilverchef,998,14,799,,,9,0.264611111,48.6
800,27/6/2020,thesilverchef,242,0,800,,,1,0,48.6
801,26/6/2020,thesilverchef,387,15,801,,,6,0.330516667,48.6
802,26/6/2020,thesilverchef,803,18,802,,,7,0.270042857,48.6
803,26/6/2020,thesilverchef,488,10,803,popiah,Chinese,5,0.31086,48.6
804,25/6/2020,thesilverchef,529,3,804,,,2,0,48.6
805,25/6/2020,thesilverchef,508,3,805,salted egg,Snacks,3,0.5642,48.6
806,25/6/2020,thesilverchef,258,2,806,,,2,0,48.6
807,24/6/2020,thesilverchef,367,4,807,rib,Western,2,0.4298,48.6
808,24/6/2020,thesilverchef,388,3,808,popiah,Chinese,3,0.4574,48.6
809,24/6/2020,thesilverchef,337,1,809,,,1,0.5859,48.6
810,23/6/2020,thesilverchef,391,3,810,,,3,0.336933333,48.6
811,23/6/2020,thesilverchef,533,4,811,,,4,0.2989,48.6
812,23/6/2020,thesilverchef,345,6,812,,,4,0.254875,48.6
813,22/6/2020,thesilverchef,359,5,813,,,3,0.564833333,48.6
814,22/6/2020,thesilverchef,820,12,814,,,7,0.3124,48.6
815,22/6/2020,thesilverchef,350,0,815,,,1,0,48.6
816,21/6/2020,thesilverchef,425,3,816,rib,Western,3,0.492833333,48.6
817,21/6/2020,thesilverchef,323,4,817,rib,Western,2,0.7135,48.6
818,21/6/2020,thesilverchef,647,14,818,sambal,Malay,12,0.047483333,48.6
819,21/6/2020,thesilverchef,336,4,819,kopi,Drinks and beverages,4,0.1101,48.6
820,20/6/2020,thesilverchef,439,3,820,,,3,0,48.6
821,20/6/2020,thesilverchef,666,11,821,,,7,0.273814286,48.6
822,20/6/2020,thesilverchef,222,1,822,,,1,0,48.6
823,19/6/2020,thesilverchef,500,13,823,hokkien mee,Chinese,8,0.0762875,48.6
824,19/6/2020,thesilverchef,266,6,824,,,4,0.1721,48.6
825,19/6/2020,thesilverchef,397,4,825,,,4,0.361525,48.6
826,18/6/2020,thesilverchef,274,3,826,rib,Western,2,0.90105,48.6
827,18/6/2020,thesilverchef,344,11,827,assam pedas,Malay,4,0.6092,48.6
828,18/6/2020,thesilverchef,555,14,828,,,12,0.3123,48.6
829,17/6/2020,thesilverchef,502,5,829,ramen,Japanese,4,0.22455,48.6
830,17/6/2020,thesilverchef,955,15,830,tofu,Japanese,9,0.325222222,48.6
831,17/6/2020,thesilverchef,390,8,831,,,6,0.521583333,48.6
832,16/6/2020,thesilverchef,488,7,832,,,7,0.205685714,48.6
833,16/6/2020,thesilverchef,1063,21,833,tofu,Japanese,10,0.37577,48.6
834,16/6/2020,thesilverchef,313,9,834,,,5,0,48.6
835,15/6/2020,thesilverchef,394,10,835,chilli crab,Seafood,3,0.358133333,48.6
836,15/6/2020,thesilverchef,796,26,836,,,15,0.310973333,48.6
837,15/6/2020,thesilverchef,383,8,837,,,2,0,48.6
838,15/6/2020,thesilverchef,347,10,838,,,5,0.14122,48.6
839,14/6/2020,thesilverchef,866,14,839,wagyu,Japanese,5,0.29878,48.6
840,14/6/2020,thesilverchef,323,3,840,,,2,0.6936,48.6
841,14/6/2020,thesilverchef,456,7,841,hokkien mee,Chinese,2,0.6373,48.6
842,14/6/2020,thesilverchef,468,5,842,,,5,0.33236,48.6
843,13/6/2020,thesilverchef,645,14,843,kuih,,9,0.2894,48.6
844,13/6/2020,thesilverchef,336,2,844,,,2,0.6626,48.6
845,13/6/2020,thesilverchef,1009,10,845,,,10,0.33313,48.6
846,12/6/2020,thesilverchef,403,7,846,,,4,0.13785,48.6
847,12/6/2020,thesilverchef,1325,36,847,,,19,0.298936842,48.6
848,12/6/2020,thesilverchef,596,13,848,,,11,0.418763636,48.6
849,11/6/2020,thesilverchef,281,6,849,,,3,0.1998,48.6
850,11/6/2020,thesilverchef,754,19,850,,,10,0.36782,48.6
851,11/6/2020,thesilverchef,555,2,851,popiah,Chinese,2,0,48.6
852,11/6/2020,thesilverchef,258,1,852,,,1,0,48.6
853,30/6/2020,thesilverchef,679,2,853,,,2,0.5719,48.6
854,30/6/2020,thesilverchef,497,7,854,,,4,0.345875,48.6
855,30/6/2020,thesilverchef,562,24,855,,,8,0.3995375,48.6
856,29/6/2020,thesilverchef,242,0,856,,,1,0,48.6
857,29/6/2020,thesilverchef,1127,20,857,,,11,0.222272727,48.6
858,29/6/2020,thesilverchef,322,5,858,,,4,0.409575,48.6
859,28/6/2020,thesilverchef,604,3,859,,,3,0.343566667,48.6
860,28/6/2020,thesilverchef,1236,31,860,,,18,0.223444444,48.6
861,28/6/2020,thesilverchef,331,3,861,,,3,0.362133333,48.6
862,27/6/2020,thesilverchef,308,5,862,,,5,0.21392,48.6
863,27/6/2020,thesilverchef,998,14,863,,,9,0.264611111,48.6
864,27/6/2020,thesilverchef,242,0,864,,,1,0,48.6
865,26/6/2020,thesilverchef,387,15,865,,,6,0.330516667,48.6
866,26/6/2020,thesilverchef,803,18,866,,,7,0.270042857,48.6
867,26/6/2020,thesilverchef,488,10,867,popiah,Chinese,5,0.31086,48.6
868,25/6/2020,thesilverchef,529,3,868,,,2,0,48.6
869,25/6/2020,thesilverchef,508,3,869,salted egg,Snacks,3,0.5642,48.6
870,25/6/2020,thesilverchef,258,2,870,,,2,0,48.6
871,24/6/2020,thesilverchef,367,4,871,rib,Western,2,0.4298,48.6
872,24/6/2020,thesilverchef,388,3,872,popiah,Chinese,3,0.4574,48.6
873,24/6/2020,thesilverchef,337,1,873,,,1,0.5859,48.6
874,23/6/2020,thesilverchef,391,3,874,,,3,0.336933333,48.6
875,23/6/2020,thesilverchef,533,4,875,,,4,0.2989,48.6
876,23/6/2020,thesilverchef,345,6,876,,,4,0.254875,48.6
877,22/6/2020,thesilverchef,359,5,877,,,3,0.564833333,48.6
878,22/6/2020,thesilverchef,820,12,878,,,7,0.3124,48.6
879,22/6/2020,thesilverchef,350,0,879,,,1,0,48.6
880,21/6/2020,thesilverchef,425,3,880,rib,Western,3,0.492833333,48.6
881,21/6/2020,thesilverchef,323,4,881,rib,Western,2,0.7135,48.6
882,21/6/2020,thesilverchef,647,14,882,sambal,Malay,12,0.047483333,48.6
883,21/6/2020,thesilverchef,336,4,883,kopi,Drinks and beverages,4,0.1101,48.6
884,20/6/2020,thesilverchef,439,3,884,,,3,0,48.6
885,20/6/2020,thesilverchef,666,11,885,,,7,0.273814286,48.6
886,20/6/2020,thesilverchef,222,1,886,,,1,0,48.6
887,19/6/2020,thesilverchef,500,13,887,hokkien mee,Chinese,8,0.0762875,48.6
888,19/6/2020,thesilverchef,266,6,888,,,4,0.1721,48.6
889,19/6/2020,thesilverchef,397,4,889,,,4,0.361525,48.6
890,18/6/2020,thesilverchef,274,3,890,rib,Western,2,0.90105,48.6
891,18/6/2020,thesilverchef,344,11,891,assam pedas,Malay,4,0.6092,48.6
892,18/6/2020,thesilverchef,555,14,892,,,12,0.3123,48.6
893,17/6/2020,thesilverchef,502,5,893,ramen,Japanese,4,0.22455,48.6
894,17/6/2020,thesilverchef,955,15,894,tofu,Japanese,9,0.325222222,48.6
895,17/6/2020,thesilverchef,390,8,895,,,6,0.521583333,48.6
896,16/6/2020,thesilverchef,488,7,896,,,7,0.205685714,48.6
897,16/6/2020,thesilverchef,1063,21,897,tofu,Japanese,10,0.37577,48.6
898,16/6/2020,thesilverchef,313,9,898,,,5,0,48.6
899,15/6/2020,thesilverchef,394,10,899,chilli crab,Seafood,3,0.358133333,48.6
900,15/6/2020,thesilverchef,796,26,900,,,15,0.310973333,48.6
901,15/6/2020,thesilverchef,383,8,901,,,2,0,48.6
902,15/6/2020,thesilverchef,347,10,902,,,5,0.14122,48.6
903,14/6/2020,thesilverchef,866,14,903,wagyu,Japanese,5,0.29878,48.6
904,14/6/2020,thesilverchef,323,3,904,,,2,0.6936,48.6
905,14/6/2020,thesilverchef,456,7,905,hokkien mee,Chinese,2,0.6373,48.6
906,14/6/2020,thesilverchef,468,5,906,,,5,0.33236,48.6
907,13/6/2020,thesilverchef,645,14,907,kuih,,9,0.2894,48.6
908,13/6/2020,thesilverchef,336,2,908,,,2,0.6626,48.6
909,13/6/2020,thesilverchef,1009,10,909,,,10,0.33313,48.6
910,12/6/2020,thesilverchef,403,7,910,,,4,0.13785,48.6
911,12/6/2020,thesilverchef,1325,36,911,,,19,0.298936842,48.6
912,12/6/2020,thesilverchef,596,13,912,,,11,0.418763636,48.6
913,11/6/2020,thesilverchef,281,6,913,,,3,0.1998,48.6
914,11/6/2020,thesilverchef,754,19,914,,,10,0.36782,48.6
915,11/6/2020,thesilverchef,555,2,915,popiah,Chinese,2,0,48.6
916,11/6/2020,thesilverchef,258,1,916,,,1,0,48.6
917,10/6/2020,thesilverchef,388,2,917,,,1,0.8912,48.6
918,10/6/2020,thesilverchef,864,20,918,,,10,0.08339,48.6
919,10/6/2020,thesilverchef,428,1,919,rojak,Cross-cultural,1,0.836,48.6
920,9/6/2020,thesilverchef,313,5,920,,,3,0.410233333,48.6
921,9/6/2020,thesilverchef,371,13,921,,,5,0.3587,48.6
922,9/6/2020,thesilverchef,461,18,922,kopi,Drinks and beverages,9,0.136566667,48.6
923,8/6/2020,thesilverchef,459,2,923,rib,Western,1,0,48.6
924,8/6/2020,thesilverchef,666,25,924,,,15,0.348493333,48.6
925,8/6/2020,thesilverchef,397,5,925,,,2,0.21765,48.6
926,25/6/2020,thesilverchef,508,3,926,salted egg,Snacks,3,0.5642,48.6
927,25/6/2020,thesilverchef,258,2,927,,,2,0,48.6
928,24/6/2020,thesilverchef,367,4,928,rib,Western,2,0.4298,48.6
929,24/6/2020,thesilverchef,388,3,929,popiah,Chinese,3,0.4574,48.6
930,24/6/2020,thesilverchef,337,1,930,,,1,0.5859,48.6
931,23/6/2020,thesilverchef,391,3,931,,,3,0.336933333,48.6
932,23/6/2020,thesilverchef,533,4,932,,,4,0.2989,48.6
933,23/6/2020,thesilverchef,345,6,933,,,4,0.254875,48.6
934,22/6/2020,thesilverchef,359,5,934,,,3,0.564833333,48.6
935,22/6/2020,thesilverchef,820,12,935,,,7,0.3124,48.6
936,22/6/2020,thesilverchef,350,0,936,,,1,0,48.6
937,21/6/2020,thesilverchef,425,3,937,rib,Western,3,0.492833333,48.6
938,21/6/2020,thesilverchef,323,4,938,rib,Western,2,0.7135,48.6
939,21/6/2020,thesilverchef,647,14,939,sambal,Malay,12,0.047483333,48.6
940,21/6/2020,thesilverchef,336,4,940,kopi,Drinks and beverages,4,0.1101,48.6
941,20/6/2020,thesilverchef,439,3,941,,,3,0,48.6
942,20/6/2020,thesilverchef,666,11,942,,,7,0.273814286,48.6
943,20/6/2020,thesilverchef,222,1,943,,,1,0,48.6
944,19/6/2020,thesilverchef,500,13,944,hokkien mee,Chinese,8,0.0762875,48.6
945,19/6/2020,thesilverchef,266,6,945,,,4,0.1721,48.6
946,19/6/2020,thesilverchef,397,4,946,,,4,0.361525,48.6
947,18/6/2020,thesilverchef,274,3,947,rib,Western,2,0.90105,48.6
948,18/6/2020,thesilverchef,344,11,948,assam pedas,Malay,4,0.6092,48.6
949,18/6/2020,thesilverchef,555,14,949,,,12,0.3123,48.6
950,17/6/2020,thesilverchef,502,5,950,ramen,Japanese,4,0.22455,48.6
951,17/6/2020,thesilverchef,955,15,951,tofu,Japanese,9,0.325222222,48.6
952,17/6/2020,thesilverchef,390,8,952,,,6,0.521583333,48.6
953,16/6/2020,thesilverchef,488,7,953,,,7,0.205685714,48.6
954,16/6/2020,thesilverchef,1063,21,954,tofu,Japanese,10,0.37577,48.6
955,16/6/2020,thesilverchef,313,9,955,,,5,0,48.6
956,15/6/2020,thesilverchef,394,10,956,chilli crab,Seafood,3,0.358133333,48.6
957,15/6/2020,thesilverchef,796,26,957,,,15,0.310973333,48.6
958,15/6/2020,thesilverchef,383,8,958,,,2,0,48.6
959,15/6/2020,thesilverchef,347,10,959,,,5,0.14122,48.6
960,14/6/2020,thesilverchef,866,14,960,wagyu,Japanese,5,0.29878,48.6
961,14/6/2020,thesilverchef,323,3,961,,,2,0.6936,48.6
962,14/6/2020,thesilverchef,456,7,962,hokkien mee,Chinese,2,0.6373,48.6
963,14/6/2020,thesilverchef,468,5,963,,,5,0.33236,48.6
964,13/6/2020,thesilverchef,645,14,964,kuih,,9,0.2894,48.6
965,13/6/2020,thesilverchef,336,2,965,,,2,0.6626,48.6
966,13/6/2020,thesilverchef,1009,10,966,,,10,0.33313,48.6
967,12/6/2020,thesilverchef,403,7,967,,,4,0.13785,48.6
968,12/6/2020,thesilverchef,1325,36,968,,,19,0.298936842,48.6
969,12/6/2020,thesilverchef,596,13,969,,,11,0.418763636,48.6
970,11/6/2020,thesilverchef,281,6,970,,,3,0.1998,48.6
971,11/6/2020,thesilverchef,754,19,971,,,10,0.36782,48.6
972,11/6/2020,thesilverchef,555,2,972,popiah,Chinese,2,0,48.6
973,11/6/2020,thesilverchef,258,1,973,,,1,0,48.6
974,10/6/2020,thesilverchef,388,2,974,,,1,0.8912,48.6
975,10/6/2020,thesilverchef,864,20,975,,,10,0.08339,48.6
976,10/6/2020,thesilverchef,428,1,976,rojak,Cross-cultural,1,0.836,48.6
977,9/6/2020,thesilverchef,313,5,977,,,3,0.410233333,48.6
978,9/6/2020,thesilverchef,371,13,978,,,5,0.3587,48.6
979,9/6/2020,thesilverchef,461,18,979,kopi,Drinks and beverages,9,0.136566667,48.6
980,8/6/2020,thesilverchef,459,2,980,rib,Western,1,0,48.6
981,8/6/2020,thesilverchef,666,25,981,,,15,0.348493333,48.6
982,8/6/2020,thesilverchef,397,5,982,,,2,0.21765,48.6
983,7/6/2020,thesilverchef,356,1,983,,,1,0,48.6
984,7/6/2020,thesilverchef,938,25,984,,,13,0.407946154,48.6
985,7/6/2020,thesilverchef,1213,36,985,,,17,0.183652941,48.6
986,6/6/2020,thesilverchef,447,2,986,udon,Japanese,1,0,48.6
987,6/6/2020,thesilverchef,365,4,987,,,2,0,48.6
988,6/6/2020,thesilverchef,685,22,988,,,11,0.106481818,48.6
989,5/6/2020,thesilverchef,653,10,989,,,7,0.491814286,48.6
990,5/6/2020,thesilverchef,520,5,990,rib,Western,1,0,48.6
991,5/6/2020,thesilverchef,364,0,991,,,1,0,48.6
992,4/6/2020,thesilverchef,503,5,992,rib,Western,4,0.45695,48.6
993,4/6/2020,thesilverchef,332,11,993,,,6,0.16285,48.6
994,4/6/2020,thesilverchef,626,7,994,,,6,0.147983333,48.6
995,3/6/2020,thesilverchef,678,22,995,salted egg,Snacks,7,0.137257143,48.6
996,3/6/2020,thesilverchef,359,4,996,bak kut teh,Chinese,3,0.203966667,48.6
997,3/6/2020,thesilverchef,438,13,997,,,4,0.556625,48.6
998,2/6/2020,thesilverchef,913,18,998,,,12,0.256033333,48.6
999,2/6/2020,thesilverchef,1200,20,999,,,13,0.255907692,48.6
1000,2/6/2020,thesilverchef,537,10,1000,,,6,0.197183333,48.6
1001,1/6/2020,thesilverchef,428,9,1001,,,4,0.291375,48.6
1002,1/6/2020,thesilverchef,595,4,1002,,,3,0,48.6
1003,1/6/2020,thesilverchef,288,1,1003,,,1,0.5859,48.6
1004,31/5/2020,thesilverchef,739,9,1004,,,4,0.460475,48.6
1005,31/5/2020,thesilverchef,1192,18,1005,udon,Japanese,11,0.195236364,48.6
1006,31/5/2020,thesilverchef,435,4,1006,,,3,0.2123,48.6
1007,31/5/2020,thesilverchef,353,0,1007,,,1,0,48.6
1008,30/5/2020,thesilverchef,461,4,1008,,,3,0,48.6
1009,30/5/2020,thesilverchef,557,23,1009,rib,Western,14,0.371407143,48.6
1010,8/6/2020,thesilverchef,459,2,1010,rib,Western,1,0,48.6
1011,8/6/2020,thesilverchef,666,25,1011,,,15,0.348493333,48.6
1012,8/6/2020,thesilverchef,397,5,1012,,,2,0.21765,48.6
1013,7/6/2020,thesilverchef,356,1,1013,,,1,0,48.6
1014,7/6/2020,thesilverchef,938,25,1014,,,13,0.407946154,48.6
1015,7/6/2020,thesilverchef,1213,36,1015,,,17,0.183652941,48.6
1016,6/6/2020,thesilverchef,447,2,1016,udon,Japanese,1,0,48.6
1017,6/6/2020,thesilverchef,365,4,1017,,,2,0,48.6
1018,6/6/2020,thesilverchef,685,22,1018,,,11,0.106481818,48.6
1019,5/6/2020,thesilverchef,653,10,1019,,,7,0.491814286,48.6
1020,5/6/2020,thesilverchef,520,5,1020,rib,Western,1,0,48.6
1021,5/6/2020,thesilverchef,364,0,1021,,,1,0,48.6
1022,4/6/2020,thesilverchef,503,5,1022,rib,Western,4,0.45695,48.6
1023,4/6/2020,thesilverchef,332,11,1023,,,6,0.16285,48.6
1024,4/6/2020,thesilverchef,626,7,1024,,,6,0.147983333,48.6
1025,3/6/2020,thesilverchef,678,22,1025,salted egg,Snacks,7,0.137257143,48.6
1026,3/6/2020,thesilverchef,359,4,1026,bak kut teh,Chinese,3,0.203966667,48.6
1027,3/6/2020,thesilverchef,438,13,1027,,,4,0.556625,48.6
1028,2/6/2020,thesilverchef,913,18,1028,,,12,0.256033333,48.6
1029,2/6/2020,thesilverchef,1200,20,1029,,,13,0.255907692,48.6
1030,2/6/2020,thesilverchef,537,10,1030,,,6,0.197183333,48.6
1031,1/6/2020,thesilverchef,428,9,1031,,,4,0.291375,48.6
1032,1/6/2020,thesilverchef,595,4,1032,,,3,0,48.6
1033,1/6/2020,thesilverchef,288,1,1033,,,1,0.5859,48.6
1034,31/5/2020,thesilverchef,739,9,1034,,,4,0.460475,48.6
1035,31/5/2020,thesilverchef,1192,18,1035,udon,Japanese,11,0.195236364,48.6
1036,31/5/2020,thesilverchef,435,4,1036,,,3,0.2123,48.6
1037,31/5/2020,thesilverchef,353,0,1037,,,1,0,48.6
1038,30/5/2020,thesilverchef,461,4,1038,,,3,0,48.6
1039,30/5/2020,thesilverchef,557,23,1039,rib,Western,14,0.371407143,48.6
